betas,x_n
-2.63348,1
0.22018,2